Company,ID
Waymakers (CCFSP),423
Waymakers (Corporate),399
Waymakers (Guidance Center - YOW_CCSFP),411
Waymakers (Huntington Beach Youth Shelter),405
Waymakers (Laguna Beach Children Crisis Residential Program),404
Waymakers (PATH),424
Waymakers (TAY),461
Waymakers (Tustin Youth Shelter),407
Waymakers (VAP 208),494
Waymakers (VAP),425
Waymakers (YOW - Corporate),421
Waymakers - Central Justice Center,615
Waymakers - Harbor Justice Center,614
Waymakers - Holding,498
Waymakers - Lamoreaux Justice Center,618
Waymakers - Manchester Office Building,619
Waymakers - North Justice Center,616
Waymakers - West Justice Center,617
